keep,name,frame_number,start,box
,01_01,103,18,"[211, 98, 342, 263]"
,01_02,109,17,"[254, 38, 316, 263]"
,01_03,103,15,"[265, 138, 373, 270]"
,01_04,103,0,"[267, 39, 346, 280]"
,01_05,103,0,"[276, 88, 335, 269]"
,01_06,109,0,"[220, 77, 365, 274]"
,01_07,103,0,"[265, 6, 371, 292]"
,01_08,109,0,"[277, 30, 336, 265]"
,01_09,109,0,"[204, 98, 345, 298]"
,01_10,109,0,"[267, 48, 329, 278]"
,01_11,109,0,"[223, 50, 340, 277]"
,01_12,109,0,"[256, 23, 315, 259]"
,01_13,109,0,"[292, 83, 354, 267]"
,01_14,109,0,"[243, 96, 371, 283]"
,01_15,109,0,"[200, 107, 346, 304]"
,01_16,109,26,"[263, 90, 409, 283]"
,01_17,109,0,"[192, 81, 331, 278]"
,01_18,109,0,"[278, 84, 345, 270]"
,01_19,103,0,"[252, 72, 339, 260]"
,01_20,109,0,"[278, 47, 343, 261]"
,01_21,109,0,"[208, 95, 348, 288]"
,01_22,109,26,"[257, 35, 330, 273]"
,01_23,109,10,"[243, 89, 332, 266]"
,01_24,109,21,"[221, 67, 416, 222]"
,01_25,109,0,"[265, 28, 327, 282]"
,01_26,103,0,"[261, 50, 321, 275]"
,01_27,109,22,"[272, 76, 344, 279]"
,01_28,103,0,"[246, 81, 367, 278]"
,01_29,103,0,"[249, 97, 333, 264]"
,01_30,103,0,"[278, 40, 341, 278]"
,01_31,103,0,"[297, 21, 368, 282]"
,01_32,109,0,"[258, 34, 331, 259]"
,01_33,109,0,"[244, 52, 302, 270]"
,01_34,103,14,"[251, 58, 328, 271]"
,01_35,109,6,"[251, 8, 326, 258]"
,01_36,109,0,"[264, 85, 330, 264]"
,01_37,109,0,"[279, 41, 337, 277]"
,01_38,109,18,"[274, 47, 340, 270]"
,01_39,103,0,"[264, 67, 322, 263]"
,01_40,109,0,"[284, 58, 349, 270]"
,01_41,109,0,"[285, 54, 350, 277]"
,01_42,109,0,"[220, 59, 377, 279]"
,01_43,109,0,"[285, 50, 344, 270]"
,01_44,109,0,"[264, 26, 345, 272]"
,01_45,103,0,"[279, 27, 360, 274]"
,01_46,109,0,"[289, 85, 348, 270]"
,01_47,103,1,"[264, 74, 332, 262]"
,01_48,109,0,"[256, 36, 373, 258]"
,01_49,109,0,"[235, 71, 365, 266]"
,01_50,109,0,"[288, 52, 347, 268]"
,01_51,109,0,"[284, 52, 344, 266]"
,01_52,109,0,"[230, 35, 310, 286]"
,01_53,109,7,"[289, 61, 362, 273]"
,01_54,109,0,"[259, 30, 321, 278]"
,01_55,103,0,"[295, 82, 356, 270]"
,01_56,109,21,"[253, 92, 363, 265]"
,01_57,109,22,"[270, 66, 342, 259]"
,01_58,109,0,"[252, 44, 314, 259]"
,01_59,109,0,"[212, 35, 317, 265]"
,01_60,109,0,"[249, 69, 333, 266]"
,01_61,109,6,"[249, 33, 326, 268]"
,01_62,109,0,"[261, 25, 338, 275]"
,01_63,109,0,"[264, 53, 334, 272]"
,01_65,109,7,"[236, 11, 332, 287]"
,01_66,103,15,"[267, 128, 338, 258]"
,01_67,109,0,"[267, 29, 320, 278]"
,01_68,109,0,"[219, 92, 324, 288]"
,01_69,103,0,"[244, 30, 369, 266]"
,01_70,109,0,"[294, 40, 345, 263]"
,01_71,109,0,"[270, 46, 322, 275]"
,01_72,109,0,"[256, 76, 310, 253]"
,01_73,109,2,"[284, 76, 346, 264]"
,01_74,109,0,"[265, 33, 321, 267]"
,01_75,103,0,"[264, 44, 321, 263]"
,01_76,103,0,"[262, 85, 327, 265]"
,01_77,109,0,"[271, 32, 336, 273]"
,01_78,109,0,"[278, 51, 337, 278]"
,01_79,103,0,"[279, 51, 330, 278]"
,01_80,109,13,"[256, 118, 373, 263]"
,01_81,103,14,"[274, 102, 342, 276]"
,01_82,103,0,"[277, 6, 345, 274]"
,01_83,109,0,"[270, 43, 317, 267]"
,01_84,103,0,"[286, 95, 382, 275]"
,01_85,103,0,"[289, 50, 342, 275]"
,01_86,103,0,"[208, 74, 304, 263]"
,01_87,109,19,"[291, 42, 345, 269]"
,01_88,103,0,"[267, 30, 320, 255]"
,01_89,109,0,"[206, 89, 339, 275]"
,01_90,109,0,"[251, 81, 309, 259]"
,01_91,109,0,"[278, 51, 337, 259]"
,01_92,109,0,"[265, 37, 322, 271]"
,01_93,109,0,"[274, 33, 340, 270]"
,01_94,103,0,"[277, 44, 332, 261]"
,01_95,103,6,"[275, 129, 352, 279]"
,01_96,109,0,"[224, 51, 372, 264]"
,01_97,103,16,"[267, 123, 371, 257]"
,01_98,109,0,"[234, 43, 348, 290]"
,01_99,109,1,"[285, 50, 348, 269]"
,01_100,103,0,"[232, 79, 316, 261]"
,01_101,109,0,"[298, 48, 355, 277]"
,01_102,109,0,"[275, 82, 340, 253]"
,01_103,109,0,"[279, 52, 329, 278]"
,01_104,103,0,"[289, 71, 342, 256]"
,01_105,109,0,"[265, 29, 323, 285]"
,01_106,109,0,"[303, 85, 351, 268]"
,01_107,109,0,"[238, 85, 313, 280]"
,01_108,109,0,"[284, 36, 347, 284]"
,01_109,109,0,"[296, 44, 344, 277]"
,01_110,109,10,"[254, 45, 323, 260]"
,01_111,109,14,"[244, 83, 325, 256]"
,01_112,109,0,"[246, 56, 312, 280]"
,01_113,109,13,"[281, 99, 363, 261]"
,01_114,109,0,"[252, 120, 364, 264]"
,01_115,109,0,"[246, 69, 377, 263]"
,01_116,109,0,"[266, 83, 317, 268]"
,01_117,109,0,"[278, 36, 344, 276]"
,01_118,109,7,"[259, 97, 339, 266]"
,01_119,109,0,"[254, 18, 314, 262]"
,01_120,103,0,"[289, 60, 391, 280]"
,01_121,109,21,"[256, 44, 351, 282]"
,01_122,109,0,"[283, 57, 336, 255]"
,01_123,109,0,"[272, 78, 335, 269]"
,01_124,109,3,"[287, 96, 355, 274]"
,01_125,109,0,"[175, 73, 288, 271]"
,01_126,109,0,"[237, 56, 291, 269]"
,01_127,103,0,"[248, 37, 308, 279]"
,01_128,109,6,"[267, 132, 348, 267]"
,01_129,103,13,"[249, 51, 392, 160]"
,01_130,103,0,"[268, 52, 317, 257]"
,01_131,109,10,"[260, 108, 351, 262]"
,01_132,103,0,"[295, 23, 353, 253]"
,01_133,109,1,"[272, 100, 357, 275]"
,01_134,109,0,"[254, 82, 323, 255]"
,01_135,109,0,"[274, 84, 334, 277]"
,01_136,109,0,"[295, 70, 349, 260]"
,01_137,109,10,"[263, 78, 335, 263]"
,01_138,109,0,"[277, 82, 335, 269]"
,01_139,109,0,"[279, 75, 349, 280]"
,01_140,109,0,"[291, 92, 371, 267]"
,01_141,109,0,"[231, 84, 301, 280]"
,01_142,109,11,"[251, 88, 335, 291]"
,01_143,103,0,"[276, 30, 336, 274]"
,01_144,109,0,"[246, 32, 326, 276]"
,01_145,103,0,"[235, 77, 295, 275]"
,01_146,109,0,"[255, 72, 320, 275]"
,01_147,103,18,"[227, 78, 380, 175]"
,01_148,109,0,"[282, 50, 342, 265]"
,01_149,103,0,"[246, 116, 357, 272]"
,01_150,109,8,"[275, 96, 351, 269]"
,01_151,109,6,"[261, 73, 330, 269]"
,01_152,109,28,"[266, 88, 353, 184]"
,01_153,103,16,"[281, 98, 368, 269]"
,01_154,109,0,"[232, 56, 332, 293]"
,01_155,109,0,"[263, 42, 323, 267]"
,01_156,109,0,"[277, 70, 357, 272]"
,01_157,109,0,"[282, 118, 373, 267]"
,01_158,109,0,"[242, 43, 370, 291]"
,01_159,109,0,"[257, 71, 340, 264]"
,01_160,109,0,"[234, 63, 325, 256]"
,01_161,109,0,"[254, 55, 335, 261]"
,01_162,109,0,"[277, 47, 353, 264]"
,01_163,103,3,"[229, 93, 342, 267]"
,01_164,109,18,"[255, 82, 417, 270]"
,01_165,109,0,"[264, 70, 339, 263]"
,01_166,103,0,"[278, 106, 362, 267]"
,01_167,103,7,"[288, 106, 367, 282]"
,01_168,103,0,"[240, 34, 353, 269]"
,01_169,109,4,"[298, 70, 355, 263]"
,01_170,103,0,"[294, 69, 357, 260]"
,01_171,109,0,"[268, 25, 334, 286]"
,01_172,103,0,"[294, 71, 370, 263]"
,01_173,109,0,"[230, 56, 365, 293]"
,01_174,109,0,"[287, 81, 362, 278]"
,01_175,109,12,"[265, 91, 353, 270]"
,01_176,109,0,"[274, 37, 335, 280]"
,01_177,109,0,"[256, 41, 316, 282]"
,01_178,109,0,"[230, 56, 346, 290]"
,01_179,109,25,"[230, 117, 356, 278]"
,01_180,109,0,"[281, 51, 351, 276]"
,01_181,109,0,"[232, 77, 370, 291]"
,01_182,109,1,"[286, 106, 373, 285]"
,01_183,109,0,"[278, 79, 345, 281]"
,01_184,109,4,"[268, 73, 333, 273]"
,01_185,103,5,"[275, 117, 367, 262]"
,01_186,109,0,"[280, 40, 346, 266]"
,01_187,109,5,"[286, 69, 343, 273]"
,01_188,103,0,"[264, 69, 332, 276]"
,01_189,103,0,"[238, 71, 309, 260]"
,01_190,109,0,"[281, 40, 348, 270]"
,01_191,109,0,"[290, 56, 349, 261]"
,01_192,109,32,"[277, 95, 361, 272]"
,02_01,103,0,"[256, 24, 313, 271]"
,02_02,109,0,"[179, 81, 301, 277]"
,02_03,109,34,"[289, 87, 373, 196]"
,02_04,103,0,"[273, 67, 338, 262]"
,02_05,109,0,"[272, 28, 336, 275]"
,02_06,109,3,"[279, 68, 349, 272]"
,02_07,109,21,"[285, 48, 343, 268]"
,02_08,109,0,"[202, 41, 383, 270]"
,02_09,109,0,"[208, 90, 330, 282]"
,02_10,103,0,"[213, 55, 323, 287]"
,02_11,109,26,"[245, 33, 323, 279]"
,02_12,103,0,"[282, 55, 356, 272]"
,02_13,103,0,"[236, 97, 357, 277]"
,02_14,109,5,"[279, 78, 347, 271]"
,02_15,103,0,"[287, 25, 342, 265]"
,02_16,103,14,"[265, 93, 337, 284]"
,02_17,103,23,"[279, 51, 347, 254]"
,02_18,109,0,"[272, 55, 331, 278]"
,02_19,109,24,"[265, 89, 337, 277]"
,02_20,109,0,"[279, 75, 343, 266]"
,02_21,109,0,"[277, 40, 330, 284]"
,02_22,109,8,"[270, 52, 334, 293]"
,02_23,109,0,"[286, 33, 375, 266]"
,02_24,109,0,"[285, 44, 367, 258]"
,02_25,109,15,"[260, 99, 346, 268]"
,02_26,109,0,"[282, 71, 349, 262]"
,02_27,109,2,"[294, 72, 355, 279]"
,02_28,109,0,"[297, 74, 359, 269]"
,02_29,109,0,"[276, 34, 328, 280]"
,02_30,109,0,"[228, 65, 363, 267]"
,02_31,109,0,"[291, 88, 356, 281]"
,02_32,103,0,"[267, 40, 360, 284]"
,02_33,103,0,"[293, 47, 355, 267]"
,02_34,109,0,"[218, 31, 315, 269]"
,02_35,109,14,"[222, 104, 337, 275]"
,02_36,109,0,"[259, 39, 322, 279]"
,02_37,109,0,"[229, 70, 350, 273]"
,02_38,109,0,"[290, 45, 346, 278]"
,02_39,109,0,"[216, 15, 325, 271]"
,02_40,109,0,"[279, 31, 333, 270]"
,02_41,109,0,"[259, 68, 325, 269]"
,02_42,109,0,"[275, 20, 339, 265]"
,02_43,109,0,"[210, 71, 309, 268]"
,02_44,109,0,"[265, 47, 331, 274]"
,02_45,103,0,"[293, 84, 352, 262]"
,02_46,103,0,"[276, 43, 337, 278]"
,02_47,103,0,"[231, 80, 308, 281]"
,02_48,109,0,"[274, 27, 327, 258]"
,02_49,103,0,"[280, 44, 340, 273]"
,02_50,103,0,"[283, 36, 362, 281]"
,02_51,109,0,"[271, 79, 335, 254]"
,02_52,109,0,"[284, 45, 354, 256]"
,02_53,103,17,"[287, 131, 382, 262]"
,02_54,109,0,"[242, 92, 302, 270]"
,02_55,103,0,"[249, 69, 304, 258]"
,02_56,109,0,"[285, 18, 353, 265]"
,02_57,109,36,"[289, 96, 407, 188]"
,02_58,109,0,"[220, 80, 346, 268]"
,02_59,109,0,"[254, 42, 322, 264]"
,02_60,109,22,"[257, 77, 355, 275]"
,02_61,109,0,"[243, 61, 305, 257]"
,02_62,109,33,"[237, 68, 366, 253]"
,02_63,103,0,"[285, 28, 341, 274]"
,02_64,103,0,"[249, 66, 304, 269]"
,02_65,103,0,"[253, 68, 304, 262]"
,02_66,109,0,"[293, 84, 350, 266]"
,02_67,109,0,"[275, 37, 337, 277]"
,02_68,109,0,"[266, 70, 324, 274]"
,02_69,109,0,"[291, 66, 348, 261]"
,02_70,109,14,"[288, 79, 369, 263]"
,02_71,109,0,"[244, 39, 340, 246]"
,02_72,109,0,"[296, 74, 353, 264]"
,02_73,109,15,"[267, 112, 349, 264]"
,02_74,109,0,"[229, 66, 291, 247]"
,02_75,103,32,"[252, 95, 377, 183]"
,02_76,103,3,"[264, 86, 333, 275]"
,02_77,103,0,"[276, 81, 333, 270]"
,02_78,109,12,"[292, 84, 356, 263]"
,02_79,109,0,"[262, 44, 320, 262]"
,02_80,109,0,"[231, 37, 300, 257]"
,02_81,103,0,"[236, 45, 318, 317]"
,02_82,109,0,"[268, 50, 321, 266]"
,02_83,103,10,"[275, 106, 359, 274]"
,02_84,109,0,"[248, 83, 295, 256]"
,02_85,109,0,"[257, 92, 309, 268]"
,02_86,103,0,"[237, 73, 300, 275]"
,02_87,109,0,"[280, 79, 335, 265]"
,02_88,109,16,"[219, 107, 327, 258]"
,02_89,109,0,"[291, 45, 338, 255]"
,02_90,109,0,"[198, 94, 316, 278]"
,02_91,109,18,"[263, 83, 322, 267]"
,02_92,109,0,"[283, 75, 346, 263]"
,02_93,103,17,"[284, 99, 380, 260]"
,02_94,109,18,"[223, 111, 329, 271]"
,02_95,103,0,"[291, 75, 356, 260]"
,02_96,103,0,"[238, 70, 296, 270]"
,02_97,109,10,"[289, 86, 371, 264]"
,02_98,109,0,"[280, 74, 347, 262]"
,02_99,109,0,"[295, 66, 352, 262]"
,02_100,109,0,"[286, 73, 342, 259]"
,02_101,103,0,"[288, 121, 372, 270]"
,02_102,109,0,"[279, 51, 338, 275]"
,02_103,109,0,"[249, 83, 369, 253]"
,02_104,109,0,"[274, 23, 358, 263]"
,02_105,109,0,"[260, 55, 371, 271]"
,02_106,109,0,"[282, 77, 343, 261]"
,02_107,109,3,"[278, 50, 336, 264]"
,02_108,109,0,"[284, 74, 335, 263]"
,03_01,103,5,"[235, 79, 376, 278]"
,03_02,103,0,"[287, 40, 353, 273]"
,03_03,109,0,"[228, 79, 376, 273]"
,03_04,109,0,"[202, 85, 299, 276]"
,03_05,109,22,"[285, 42, 346, 264]"
,03_06,109,39,"[272, 90, 335, 275]"
,03_07,109,0,"[282, 38, 338, 258]"
,03_08,103,0,"[277, 36, 328, 273]"
,03_09,109,13,"[253, 101, 334, 266]"
,03_10,109,24,"[266, 113, 344, 267]"
,03_11,103,0,"[279, 36, 335, 276]"
,03_12,109,42,"[267, 84, 340, 276]"
,03_13,109,0,"[287, 52, 349, 267]"
,03_14,109,0,"[288, 82, 346, 261]"
,03_15,109,0,"[218, 83, 352, 275]"
,03_16,103,8,"[282, 51, 347, 261]"
,03_17,109,0,"[284, 77, 352, 276]"
,03_18,103,0,"[258, 34, 338, 282]"
,03_19,109,0,"[253, 47, 304, 268]"
,03_20,109,0,"[259, 44, 348, 269]"
,03_21,109,32,"[273, 39, 327, 260]"
,03_22,109,27,"[273, 43, 348, 271]"
,03_23,109,34,"[261, 62, 337, 271]"
,03_24,103,17,"[212, 134, 315, 262]"
,03_25,109,0,"[264, 59, 314, 285]"
,03_26,103,0,"[262, 48, 326, 268]"
,03_27,109,0,"[262, 24, 322, 274]"
,03_28,109,0,"[276, 49, 326, 275]"
,03_29,103,0,"[276, 50, 339, 269]"
,03_30,109,0,"[266, 12, 329, 254]"
,03_31,109,0,"[234, 76, 332, 264]"
,03_32,109,20,"[211, 98, 306, 254]"
,03_33,103,0,"[263, 60, 325, 256]"
,03_34,109,0,"[274, 29, 330, 274]"
,03_35,109,0,"[187, 70, 311, 256]"
,03_36,109,3,"[274, 82, 339, 269]"
,03_37,103,0,"[245, 70, 305, 263]"
,03_38,109,0,"[276, 37, 327, 288]"
,03_39,109,0,"[281, 84, 329, 266]"
,03_40,109,0,"[258, 40, 323, 264]"
,03_41,103,0,"[276, 30, 336, 282]"
,03_42,109,20,"[278, 62, 336, 267]"
,03_43,109,15,"[229, 86, 314, 267]"
,03_44,109,0,"[275, 30, 326, 267]"
,03_45,109,0,"[281, 82, 335, 263]"
,03_46,109,0,"[210, 75, 341, 283]"
,03_47,109,21,"[226, 85, 316, 254]"
,03_48,103,0,"[221, 72, 324, 279]"
,03_49,109,7,"[278, 66, 337, 258]"
,03_50,109,15,"[256, 88, 332, 268]"
,03_51,103,0,"[254, 100, 381, 270]"
,03_52,109,0,"[253, 76, 303, 259]"
,03_53,109,0,"[253, 75, 320, 264]"
,03_54,109,8,"[241, 107, 333, 264]"
,03_55,109,8,"[255, 89, 335, 267]"
,03_56,109,1,"[271, 78, 339, 260]"
,03_57,109,5,"[262, 84, 340, 269]"
,03_58,109,27,"[255, 123, 336, 279]"
,03_59,109,6,"[275, 129, 365, 276]"
,03_60,103,0,"[270, 24, 326, 276]"
,03_61,109,0,"[205, 76, 315, 277]"
,03_62,109,0,"[278, 79, 339, 269]"
,03_63,109,17,"[271, 107, 339, 265]"
,03_64,109,0,"[213, 80, 352, 265]"
,03_65,109,0,"[277, 83, 339, 265]"
,03_66,109,17,"[283, 38, 346, 262]"
,03_67,103,17,"[269, 105, 354, 275]"
,03_68,109,18,"[267, 108, 358, 271]"
,03_69,103,0,"[205, 65, 339, 267]"
,03_70,109,6,"[235, 80, 293, 265]"
,03_71,103,16,"[272, 107, 357, 263]"
,03_72,109,20,"[276, 116, 360, 271]"
,03_73,109,0,"[273, 70, 341, 265]"
,04_01,109,0,"[206, 97, 336, 283]"
,04_02,103,4,"[271, 40, 337, 271]"
,04_03,109,0,"[218, 101, 314, 287]"
,04_04,109,0,"[242, 80, 354, 276]"
,04_05,103,0,"[237, 80, 350, 288]"
,04_06,109,0,"[265, 32, 326, 272]"
,04_07,103,0,"[212, 90, 320, 274]"
,04_08,109,21,"[290, 65, 371, 277]"
,04_09,109,3,"[279, 79, 343, 272]"
,04_10,109,0,"[189, 122, 271, 246]"
,04_11,103,0,"[239, 98, 359, 282]"
,04_12,109,0,"[231, 77, 288, 269]"
,04_13,109,0,"[272, 45, 335, 283]"
,04_14,103,0,"[183, 100, 308, 291]"
,04_15,103,0,"[235, 104, 334, 277]"
,04_16,103,0,"[212, 92, 293, 268]"
,04_17,109,0,"[222, 15, 315, 267]"
,04_18,103,0,"[253, 59, 335, 292]"
,04_19,103,0,"[273, 60, 356, 280]"
,04_20,103,23,"[276, 74, 341, 290]"
,04_21,109,0,"[230, 80, 308, 274]"
,04_22,103,0,"[251, 91, 353, 277]"
,04_23,109,0,"[249, 36, 341, 279]"
,04_24,109,0,"[266, 45, 330, 279]"
,04_25,109,4,"[247, 52, 319, 278]"
,04_26,109,18,"[275, 43, 346, 291]"
,04_27,103,0,"[266, 24, 320, 261]"
,04_28,109,16,"[284, 35, 341, 268]"
,04_29,109,0,"[265, 51, 336, 283]"
,04_30,109,21,"[266, 80, 321, 291]"
,04_31,109,0,"[292, 47, 353, 281]"
,04_32,109,0,"[269, 85, 338, 283]"
,04_33,109,0,"[263, 66, 323, 270]"
,04_34,109,0,"[268, 67, 349, 270]"
,04_35,103,27,"[263, 125, 369, 262]"
,04_36,109,24,"[280, 55, 327, 275]"
,04_37,103,0,"[273, 37, 328, 285]"
,04_38,109,20,"[275, 102, 350, 289]"
,04_39,109,0,"[207, 98, 334, 284]"
,04_40,109,0,"[292, 31, 355, 281]"
,04_41,109,0,"[300, 85, 360, 269]"
,04_42,109,0,"[284, 45, 339, 252]"
,04_43,109,22,"[256, 26, 335, 269]"
,04_44,109,0,"[283, 65, 351, 276]"
,04_45,103,11,"[278, 54, 348, 294]"
,04_46,109,0,"[251, 83, 372, 269]"
,04_47,103,0,"[302, 29, 379, 285]"
,04_48,109,0,"[234, 70, 300, 282]"
,04_49,109,0,"[258, 57, 325, 284]"
,04_50,103,15,"[266, 145, 360, 289]"
,04_51,109,0,"[262, 90, 369, 278]"
,04_52,109,23,"[278, 71, 344, 278]"
,04_53,109,24,"[230, 85, 353, 277]"
,04_54,103,0,"[275, 34, 340, 265]"
,04_55,109,0,"[276, 62, 344, 282]"
,04_56,109,9,"[300, 36, 356, 257]"
,04_57,109,15,"[282, 70, 365, 276]"
,04_58,109,0,"[247, 94, 375, 278]"
,04_59,109,0,"[282, 37, 362, 298]"
,04_60,103,10,"[254, 24, 330, 275]"
,04_61,109,0,"[254, 28, 310, 266]"
,04_62,109,0,"[279, 39, 343, 282]"
,04_63,109,0,"[288, 36, 351, 268]"
,04_64,109,0,"[279, 32, 331, 272]"
,04_65,109,0,"[244, 84, 352, 282]"
,04_66,103,0,"[261, 63, 338, 276]"
,04_67,109,0,"[282, 51, 346, 279]"
,04_68,109,11,"[275, 78, 341, 265]"
,04_69,103,0,"[260, 49, 337, 282]"
,04_70,109,0,"[259, 37, 339, 272]"
,04_71,109,1,"[279, 73, 346, 258]"
,04_72,109,0,"[273, 70, 419, 272]"
,04_73,109,0,"[286, 72, 351, 270]"
,04_74,109,28,"[282, 44, 343, 274]"
,04_75,109,0,"[238, 78, 314, 272]"
,04_76,103,0,"[267, 50, 370, 277]"
,04_77,103,0,"[284, 71, 366, 271]"
,04_78,109,0,"[285, 81, 357, 270]"
,04_79,109,47,"[209, 80, 405, 184]"
,04_80,103,0,"[214, 70, 364, 292]"
,04_81,103,0,"[264, 28, 336, 284]"
,04_82,109,0,"[294, 72, 366, 280]"
,04_83,103,9,"[281, 32, 358, 295]"
,04_84,109,0,"[279, 37, 350, 293]"
,04_85,103,0,"[269, 71, 362, 274]"
,04_86,109,11,"[266, 39, 345, 268]"
,04_87,109,19,"[241, 110, 335, 277]"
,04_88,109,0,"[274, 68, 348, 279]"
,04_89,109,0,"[287, 66, 364, 277]"
,04_90,109,0,"[267, 22, 346, 303]"
,04_91,109,28,"[257, 74, 352, 280]"
,04_92,109,0,"[246, 40, 325, 263]"
,04_93,109,0,"[248, 36, 336, 286]"
,04_94,109,15,"[276, 47, 358, 269]"
,04_95,109,0,"[290, 36, 368, 285]"
,04_96,109,0,"[258, 24, 343, 295]"
,04_97,109,0,"[265, 29, 352, 249]"
,04_98,109,0,"[241, 85, 308, 270]"
,04_99,109,0,"[271, 72, 360, 273]"
,04_100,109,21,"[254, 28, 326, 268]"
,04_101,109,31,"[268, 46, 379, 276]"
,04_102,109,0,"[235, 62, 312, 254]"
,04_103,109,2,"[223, 75, 308, 270]"
,04_104,109,26,"[280, 76, 362, 276]"
,04_105,109,16,"[274, 59, 379, 266]"
,04_106,109,0,"[275, 50, 353, 269]"
,04_107,109,17,"[287, 74, 345, 269]"
,04_108,109,0,"[282, 77, 350, 265]"
,04_109,109,0,"[284, 68, 353, 276]"
,04_110,109,0,"[234, 51, 308, 266]"
,04_111,103,0,"[204, 87, 332, 282]"
,04_112,109,0,"[215, 53, 382, 282]"
,04_113,109,0,"[260, 51, 336, 259]"
,04_114,109,0,"[270, 28, 345, 260]"
,04_115,109,0,"[276, 73, 345, 271]"
,04_116,109,0,"[282, 67, 349, 272]"
,04_117,103,9,"[276, 61, 364, 265]"
,04_118,109,20,"[274, 73, 357, 264]"
,04_119,103,0,"[291, 77, 356, 268]"
,04_120,103,0,"[296, 76, 359, 267]"
,04_121,109,0,"[281, 57, 351, 267]"
,04_122,109,0,"[291, 66, 365, 259]"
,04_123,109,0,"[280, 48, 354, 255]"
,04_124,103,0,"[283, 71, 353, 263]"
,04_125,109,0,"[278, 83, 347, 275]"
,04_126,103,0,"[274, 87, 351, 269]"
,04_127,109,22,"[282, 89, 354, 265]"
,04_128,103,0,"[278, 59, 355, 270]"
,04_129,109,14,"[263, 90, 368, 264]"
,05_01,109,0,"[199, 84, 310, 273]"
,05_02,109,0,"[250, 63, 329, 272]"
,05_03,109,0,"[231, 76, 330, 312]"
,05_04,109,0,"[257, 59, 354, 287]"
,05_05,109,0,"[231, 100, 357, 289]"
,05_06,109,0,"[220, 81, 330, 280]"
,05_07,109,0,"[243, 75, 387, 279]"
,05_08,109,0,"[220, 82, 368, 286]"
,05_09,109,0,"[211, 68, 320, 285]"
,05_10,109,0,"[220, 69, 367, 271]"
,05_11,109,28,"[265, 79, 344, 273]"
,05_12,109,0,"[261, 21, 334, 257]"
,05_13,103,0,"[209, 80, 345, 293]"
,05_14,109,0,"[250, 75, 348, 280]"
,05_15,109,0,"[232, 66, 308, 273]"
,05_16,109,20,"[263, 69, 333, 273]"
,05_17,109,0,"[235, 62, 316, 281]"
,05_18,109,0,"[180, 73, 295, 279]"
,05_19,109,0,"[272, 33, 332, 280]"
,05_20,109,16,"[278, 73, 349, 265]"
,05_21,109,14,"[263, 36, 350, 261]"
,05_22,109,13,"[257, 32, 323, 268]"
,05_23,109,0,"[263, 21, 334, 258]"
,05_24,109,0,"[272, 38, 341, 259]"
,05_25,103,0,"[285, 72, 360, 273]"
,05_26,109,0,"[267, 52, 336, 265]"
,05_27,109,0,"[283, 37, 341, 278]"
,05_28,109,0,"[235, 77, 300, 279]"
,05_29,109,0,"[196, 29, 299, 297]"
,05_30,103,32,"[261, 81, 345, 261]"
,05_31,103,0,"[270, 29, 328, 272]"
,05_32,103,0,"[289, 28, 348, 268]"
,05_33,103,13,"[279, 89, 345, 277]"
,05_34,109,0,"[290, 78, 349, 270]"
,05_35,109,0,"[288, 71, 364, 274]"
,05_36,109,0,"[292, 40, 352, 280]"
,05_37,109,0,"[253, 44, 322, 275]"
,05_38,109,0,"[271, 49, 344, 271]"
,05_39,109,17,"[287, 55, 358, 286]"
,05_40,109,0,"[258, 93, 358, 271]"
,05_41,109,10,"[271, 85, 354, 276]"
,05_42,109,0,"[246, 48, 330, 264]"
,05_43,109,0,"[280, 50, 358, 263]"
,05_44,109,8,"[282, 41, 350, 266]"
,05_45,109,0,"[274, 56, 346, 271]"
,05_46,109,0,"[285, 52, 355, 271]"
,05_47,109,0,"[280, 72, 345, 270]"
,05_48,109,0,"[264, 60, 387, 281]"
,05_49,109,0,"[276, 46, 333, 249]"
,05_50,109,0,"[273, 75, 345, 272]"
,05_51,109,0,"[253, 32, 336, 261]"
,05_52,103,24,"[290, 44, 383, 272]"
,05_53,109,0,"[266, 37, 323, 264]"
,05_54,109,0,"[261, 37, 328, 257]"
,05_55,103,0,"[277, 68, 346, 252]"
,05_56,109,0,"[236, 30, 321, 261]"
,05_57,109,12,"[281, 65, 347, 267]"
,05_58,109,0,"[257, 23, 338, 259]"
,05_59,109,10,"[280, 82, 363, 267]"
,05_60,109,0,"[271, 41, 336, 278]"
,05_61,109,0,"[281, 47, 346, 285]"
,05_62,103,0,"[283, 27, 344, 262]"
,05_63,103,0,"[271, 38, 339, 280]"
,05_64,103,0,"[276, 95, 360, 270]"
,05_65,109,0,"[226, 63, 298, 280]"
,05_66,109,25,"[274, 85, 340, 287]"
,05_67,109,0,"[276, 85, 339, 274]"
,05_68,109,0,"[250, 36, 326, 268]"
,05_69,109,0,"[252, 76, 332, 266]"
,05_70,103,0,"[234, 90, 439, 277]"
,05_71,109,0,"[262, 59, 330, 287]"
,05_72,109,0,"[273, 74, 353, 274]"
,05_73,103,0,"[286, 77, 362, 274]"
,05_74,109,8,"[276, 72, 350, 273]"
,05_75,103,0,"[269, 73, 335, 259]"
,05_76,109,0,"[289, 67, 347, 268]"
,05_77,103,0,"[290, 67, 348, 271]"
,05_78,109,0,"[301, 73, 378, 272]"
,05_79,109,0,"[255, 64, 317, 264]"
,05_80,109,0,"[289, 120, 400, 266]"
,05_81,109,0,"[282, 66, 348, 267]"
,05_82,109,0,"[282, 88, 344, 278]"
,05_83,109,0,"[287, 78, 359, 266]"
,05_84,109,7,"[298, 115, 376, 270]"
,05_85,109,0,"[269, 115, 365, 257]"
,05_86,109,0,"[286, 74, 349, 269]"
,05_87,109,0,"[289, 83, 347, 288]"
,05_88,109,0,"[242, 66, 336, 281]"
,05_89,103,0,"[265, 77, 346, 276]"
,05_90,109,0,"[267, 82, 342, 269]"
,06_01,109,0,"[268, 58, 373, 283]"
,06_02,103,0,"[203, 36, 338, 282]"
,06_03,109,0,"[196, 78, 306, 279]"
,06_04,103,0,"[224, 93, 372, 293]"
,06_05,109,0,"[244, 83, 372, 270]"
,06_06,103,0,"[278, 50, 358, 273]"
,06_07,109,0,"[253, 36, 326, 257]"
,06_08,109,0,"[266, 39, 371, 310]"
,06_09,109,0,"[221, 75, 313, 285]"
,06_10,103,0,"[210, 63, 284, 266]"
,06_11,109,0,"[279, 64, 375, 282]"
,06_12,109,0,"[212, 76, 341, 286]"
,06_13,109,10,"[262, 91, 333, 277]"
,06_14,109,0,"[266, 55, 341, 269]"
,06_15,109,0,"[256, 69, 328, 270]"
,06_16,109,0,"[261, 52, 330, 273]"
,06_17,109,6,"[278, 89, 341, 271]"
,06_18,109,0,"[267, 83, 343, 269]"
,06_19,109,25,"[253, 87, 341, 283]"
,06_20,109,0,"[276, 73, 344, 270]"
,06_21,109,0,"[245, 20, 323, 275]"
,06_22,103,0,"[272, 41, 342, 274]"
,06_23,109,0,"[267, 40, 333, 270]"
,06_24,109,0,"[266, 46, 331, 278]"
,06_25,109,0,"[252, 25, 311, 265]"
,06_26,103,0,"[219, 53, 290, 276]"
,06_27,103,0,"[281, 74, 348, 272]"
,06_28,103,0,"[266, 46, 326, 257]"
,06_29,103,0,"[289, 57, 360, 269]"
,06_30,109,0,"[284, 18, 373, 323]"
,06_31,103,0,"[231, 83, 371, 285]"
,06_32,109,0,"[272, 21, 347, 280]"
,06_33,109,0,"[280, 83, 338, 266]"
,06_34,109,0,"[265, 33, 317, 291]"
,06_35,109,0,"[268, 34, 335, 261]"
,06_36,109,0,"[275, 23, 343, 275]"
,06_37,109,0,"[259, 35, 322, 289]"
,06_38,109,0,"[275, 52, 334, 275]"
,06_39,109,0,"[275, 38, 333, 280]"
,06_40,103,0,"[260, 76, 317, 267]"
,06_41,109,0,"[261, 33, 316, 275]"
,06_42,109,0,"[255, 71, 351, 261]"
,06_43,109,40,"[251, 100, 359, 265]"
,06_44,109,0,"[275, 38, 343, 275]"
,06_45,103,10,"[268, 32, 328, 262]"
,06_46,109,0,"[284, 75, 354, 262]"
,06_47,103,0,"[260, 39, 325, 283]"
,06_48,109,0,"[281, 73, 335, 268]"
,06_49,103,0,"[280, 49, 356, 261]"
,06_50,109,0,"[284, 80, 346, 272]"
,06_51,109,0,"[228, 69, 295, 268]"
,06_52,109,0,"[276, 79, 335, 261]"
,06_53,109,11,"[265, 88, 349, 268]"
,06_54,103,0,"[253, 53, 399, 282]"
,06_55,109,22,"[288, 84, 362, 273]"
,06_56,109,0,"[277, 69, 350, 271]"
,06_57,103,0,"[290, 84, 351, 273]"
,06_58,109,0,"[286, 68, 345, 269]"
,06_59,103,0,"[291, 53, 349, 266]"
,06_60,109,28,"[274, 80, 360, 265]"
,07_01,109,0,"[277, 52, 341, 298]"
,07_02,109,0,"[278, 85, 391, 289]"
,07_03,109,0,"[252, 34, 333, 314]"
,07_04,109,4,"[254, 10, 316, 313]"
,07_05,103,0,"[244, 40, 316, 322]"
,07_06,109,0,"[234, 20, 301, 318]"
,07_07,109,0,"[256, 17, 337, 327]"
,07_08,109,0,"[257, 25, 328, 325]"
,07_09,109,0,"[256, 55, 321, 310]"
,07_10,109,0,"[250, 18, 328, 335]"
,07_11,109,11,"[248, 67, 348, 314]"
,07_12,109,0,"[268, 22, 347, 333]"
,07_13,109,22,"[255, 41, 323, 327]"
,07_14,103,0,"[295, 42, 368, 336]"
,07_15,109,0,"[288, 17, 365, 323]"
,07_16,103,0,"[317, 32, 392, 328]"
,07_17,103,0,"[246, 14, 320, 330]"
,07_18,109,0,"[258, 84, 332, 325]"
,07_19,109,0,"[242, 30, 318, 327]"
,07_20,109,0,"[219, 74, 302, 318]"
,07_21,109,21,"[269, 30, 348, 316]"
,07_22,103,0,"[260, 22, 338, 323]"
,07_23,109,0,"[265, 78, 344, 332]"
,07_24,109,0,"[300, 87, 393, 327]"
,07_25,109,0,"[259, 25, 332, 331]"
,07_26,103,0,"[320, 71, 406, 332]"
,07_27,109,0,"[310, 43, 398, 319]"
,07_28,109,0,"[311, 15, 398, 315]"
,07_29,109,0,"[312, 87, 391, 332]"
,07_30,109,0,"[312, 79, 395, 321]"
,07_31,103,0,"[318, 70, 405, 323]"
,07_32,103,0,"[307, 53, 393, 329]"
,07_33,109,0,"[311, 85, 382, 313]"
,07_34,103,0,"[318, 89, 396, 307]"
,07_35,109,0,"[321, 90, 447, 299]"
,07_36,103,0,"[265, 6, 366, 301]"
,07_37,103,0,"[299, 78, 374, 315]"
,07_38,109,0,"[316, 29, 394, 319]"
,07_39,109,0,"[268, 68, 432, 318]"
,07_40,103,0,"[236, 35, 421, 314]"
,07_41,103,10,"[234, 60, 328, 325]"
,07_42,103,20,"[228, 10, 339, 250]"
,07_43,109,0,"[235, 61, 341, 330]"
,07_44,109,0,"[253, 19, 348, 331]"
,07_45,109,0,"[236, 62, 329, 318]"
,07_46,109,12,"[252, 24, 340, 329]"
,07_47,109,0,"[240, 38, 435, 319]"
,07_48,109,0,"[229, 37, 318, 326]"
,07_49,109,0,"[262, 32, 348, 325]"
,07_50,109,0,"[233, 28, 323, 326]"
,07_51,103,0,"[254, 87, 441, 319]"
,07_52,109,0,"[282, 61, 369, 310]"
,07_53,103,4,"[199, 62, 381, 309]"
,07_54,109,0,"[271, 89, 422, 313]"
,07_55,109,0,"[273, 57, 357, 317]"
,07_56,109,0,"[276, 50, 411, 311]"
,07_57,109,0,"[235, 57, 341, 333]"
,07_58,109,0,"[333, 79, 412, 315]"
,07_59,109,7,"[263, 22, 331, 322]"
,07_60,103,0,"[281, 61, 367, 311]"
,07_61,109,0,"[262, 61, 333, 310]"
,07_62,109,0,"[212, 27, 304, 331]"
,07_63,109,27,"[249, 16, 336, 323]"
,07_64,109,0,"[223, 12, 297, 337]"
,07_65,109,0,"[242, 13, 323, 321]"
,07_66,109,0,"[302, 48, 444, 313]"
,07_67,103,0,"[275, 18, 361, 340]"
,07_68,109,0,"[315, 54, 398, 309]"
,07_69,109,0,"[263, 13, 340, 327]"
,07_70,109,0,"[242, 69, 311, 324]"
,07_71,103,0,"[318, 83, 392, 313]"
,07_72,109,0,"[275, 32, 354, 330]"
,07_73,109,0,"[246, 70, 391, 314]"
,07_74,103,11,"[245, 43, 342, 316]"
,07_75,109,0,"[229, 19, 321, 306]"
,07_76,109,0,"[229, 64, 317, 315]"
,07_77,109,0,"[261, 14, 363, 313]"
,07_78,109,0,"[219, 37, 303, 325]"
,07_79,109,0,"[284, 26, 362, 343]"
,07_80,109,0,"[261, 64, 335, 308]"
,07_81,103,0,"[314, 67, 393, 323]"
,07_82,109,0,"[243, 17, 324, 323]"
,07_83,103,0,"[302, 60, 379, 321]"
,07_84,103,0,"[256, 91, 337, 330]"
,07_85,103,0,"[272, 38, 353, 333]"
,07_86,109,25,"[192, 97, 309, 317]"
,07_87,109,0,"[219, 47, 308, 319]"
,07_88,109,0,"[326, 32, 413, 307]"
,07_89,103,0,"[231, 56, 318, 319]"
,07_90,109,15,"[240, 50, 313, 318]"
,07_91,109,0,"[239, 83, 318, 330]"
,07_92,109,13,"[251, 64, 315, 299]"
,07_93,109,0,"[239, 77, 311, 317]"
,07_94,109,0,"[253, 45, 331, 312]"
,07_95,109,0,"[300, 52, 401, 318]"
,07_96,109,0,"[237, 73, 334, 337]"
,07_97,109,28,"[201, 99, 336, 324]"
,07_98,109,0,"[232, 24, 305, 324]"
,07_99,109,0,"[290, 46, 365, 313]"
,09_01,109,0,"[247, 50, 319, 306]"
,09_02,103,0,"[212, 81, 343, 242]"
,09_03,103,0,"[232, 81, 398, 193]"
,09_04,109,0,"[232, 111, 382, 200]"
,09_05,109,0,"[220, 97, 367, 240]"
,09_06,109,0,"[260, 54, 354, 320]"
,09_07,109,0,"[230, 93, 362, 310]"
,09_08,109,0,"[287, 99, 368, 321]"
,09_09,103,0,"[242, 9, 323, 322]"
,09_10,109,0,"[276, 36, 364, 306]"
,09_11,109,0,"[253, 6, 349, 320]"
,09_12,103,0,"[167, 113, 280, 259]"
,09_13,103,0,"[215, 44, 291, 312]"
,09_14,109,0,"[208, 34, 276, 310]"
,09_15,109,0,"[203, 46, 282, 331]"
,09_16,109,0,"[214, 33, 288, 336]"
,09_17,109,0,"[206, 25, 291, 320]"
,09_18,109,0,"[191, 88, 374, 273]"
,09_19,109,16,"[222, 26, 309, 328]"
,09_20,103,0,"[225, 23, 313, 330]"
,09_21,109,0,"[220, 28, 340, 336]"
,09_22,109,0,"[218, 23, 297, 339]"
,09_23,109,0,"[225, 88, 322, 317]"
,09_24,109,0,"[205, 82, 288, 333]"
,09_25,109,0,"[225, 79, 317, 325]"
,09_26,103,0,"[239, 45, 318, 322]"
,09_27,109,0,"[221, 50, 313, 315]"
,09_28,109,0,"[208, 68, 288, 317]"
,09_29,109,0,"[245, 26, 326, 322]"
,09_30,109,0,"[254, 71, 330, 309]"
,09_31,109,0,"[220, 53, 302, 333]"
,09_32,109,0,"[200, 72, 287, 308]"
,09_33,109,0,"[235, 80, 323, 307]"
,09_34,109,0,"[244, 60, 354, 326]"
,09_35,109,0,"[259, 62, 348, 327]"
,09_36,109,13,"[194, 78, 325, 312]"
,09_37,109,0,"[246, 70, 340, 306]"
,09_38,109,0,"[241, 42, 330, 301]"
,09_39,103,0,"[232, 72, 325, 316]"
,09_40,109,0,"[266, 64, 382, 283]"
,09_41,109,0,"[221, 55, 322, 322]"
,09_42,109,0,"[228, 57, 314, 321]"
,09_43,109,9,"[214, 113, 321, 314]"
,09_44,109,0,"[224, 23, 324, 324]"
,09_45,103,0,"[218, 41, 300, 334]"
,09_46,103,0,"[245, 73, 321, 332]"
,09_47,109,0,"[224, 61, 317, 309]"
,09_48,109,0,"[218, 64, 310, 316]"
,09_49,109,0,"[234, 22, 327, 319]"
,09_50,109,0,"[227, 138, 374, 252]"
,09_51,109,0,"[249, 6, 346, 270]"
,09_52,103,0,"[256, 72, 358, 306]"
,09_53,109,0,"[206, 60, 360, 323]"
,09_54,109,0,"[215, 80, 379, 311]"
,09_55,109,0,"[233, 21, 326, 329]"
,09_56,109,0,"[261, 35, 367, 294]"
,09_57,109,0,"[224, 22, 318, 327]"
,09_58,109,0,"[232, 47, 314, 330]"
,09_59,103,0,"[229, 101, 335, 263]"
,09_60,109,0,"[254, 44, 413, 325]"
,09_61,109,0,"[206, 30, 302, 321]"
,09_62,109,6,"[221, 26, 322, 328]"
,09_63,103,0,"[231, 70, 339, 316]"
,09_64,109,0,"[253, 33, 333, 328]"
,09_65,109,18,"[209, 21, 303, 317]"
,09_66,109,0,"[192, 45, 305, 320]"
,09_67,103,0,"[250, 75, 372, 322]"
,09_68,109,0,"[217, 33, 298, 314]"
,09_69,109,0,"[235, 98, 407, 311]"
,09_70,109,0,"[232, 36, 316, 325]"
!!!!!,09_71,109,0,"[200, 108, 468, 298]"
,09_72,109,0,"[216, 73, 314, 327]"
,09_73,103,0,"[213, 33, 292, 335]"
,09_74,103,0,"[206, 16, 297, 333]"
,09_75,109,18,"[183, 21, 269, 326]"
,09_76,103,0,"[189, 58, 316, 329]"
,09_77,109,0,"[206, 53, 347, 320]"
,09_78,109,0,"[252, 65, 351, 306]"
,09_79,109,0,"[261, 137, 374, 323]"
,09_80,103,21,"[253, 29, 338, 315]"
,09_81,109,0,"[248, 63, 333, 312]"
,09_82,109,0,"[243, 31, 321, 318]"
,09_83,109,0,"[213, 62, 300, 316]"
,09_84,109,0,"[251, 66, 352, 326]"
,09_85,109,0,"[243, 20, 327, 330]"
,09_86,109,0,"[260, 44, 368, 310]"
,09_87,109,8,"[182, 119, 334, 327]"
,09_88,109,0,"[244, 69, 349, 334]"
,10_01,109,0,"[236, 37, 318, 317]"
,10_02,103,0,"[235, 25, 329, 327]"
,10_03,109,0,"[264, 92, 415, 315]"
,10_04,109,0,"[223, 98, 330, 330]"
,10_05,109,0,"[245, 65, 320, 330]"
,10_06,109,0,"[221, 71, 296, 314]"
,10_07,109,0,"[253, 60, 366, 307]"
,10_08,109,0,"[242, 22, 334, 321]"
,10_09,109,0,"[208, 25, 306, 327]"
,10_10,109,0,"[278, 94, 426, 323]"
,10_11,103,0,"[296, 79, 432, 311]"
,10_12,103,0,"[222, 33, 337, 293]"
,10_13,103,0,"[266, 63, 413, 324]"
,10_14,109,0,"[231, 17, 329, 332]"
,10_15,109,0,"[231, 47, 318, 330]"
,10_16,109,6,"[231, 38, 315, 321]"
,10_17,109,0,"[249, 36, 335, 322]"
,10_18,103,31,"[211, 32, 300, 322]"
,10_19,103,0,"[301, 86, 410, 326]"
,10_20,109,0,"[242, 39, 320, 328]"
,10_21,103,0,"[239, 64, 330, 316]"
,10_22,109,0,"[230, 30, 300, 309]"
,10_23,109,0,"[235, 49, 309, 318]"
,10_24,103,0,"[254, 60, 326, 304]"
,10_25,109,0,"[210, 65, 313, 334]"
,10_26,109,0,"[219, 32, 292, 321]"
,10_27,109,0,"[211, 44, 294, 318]"
,10_28,109,6,"[260, 87, 388, 314]"
,10_29,109,0,"[239, 32, 321, 326]"
,10_30,109,0,"[281, 56, 382, 310]"
,10_31,109,0,"[237, 33, 408, 314]"
,10_32,109,0,"[200, 47, 290, 317]"
,10_33,109,0,"[201, 47, 290, 322]"
,10_34,103,0,"[230, 81, 317, 328]"
,10_35,103,0,"[233, 26, 317, 335]"
,10_36,103,0,"[239, 71, 324, 320]"
,10_37,109,0,"[244, 99, 405, 317]"
,10_38,109,0,"[231, 65, 327, 316]"
,10_39,109,0,"[223, 34, 307, 325]"
,10_40,109,0,"[213, 81, 308, 327]"
,10_41,109,0,"[261, 80, 376, 329]"
,10_42,109,0,"[232, 86, 316, 324]"
,10_43,109,0,"[239, 32, 328, 331]"
,10_44,109,0,"[234, 30, 331, 327]"
,13_01,109,0,"[201, 75, 334, 294]"
,13_02,109,0,"[259, 111, 332, 305]"
,13_03,109,0,"[264, 100, 368, 264]"
,13_04,109,0,"[246, 33, 334, 296]"
,13_05,109,0,"[233, 129, 347, 222]"
,13_06,109,0,"[271, 55, 357, 275]"
,13_07,109,0,"[270, 62, 367, 304]"
,13_08,103,0,"[267, 124, 391, 235]"
,13_09,109,0,"[246, 110, 410, 203]"
,13_10,103,0,"[273, 110, 390, 225]"
,13_11,109,0,"[282, 140, 380, 254]"
,13_12,103,0,"[283, 110, 390, 220]"
,13_13,109,0,"[295, 122, 398, 230]"
,13_14,109,0,"[267, 140, 405, 245]"
,13_15,109,0,"[286, 129, 424, 234]"
,13_16,109,0,"[278, 65, 398, 183]"
!!!!!,13_17,109,0,"[267, 138, 427, 274]"
,13_18,109,0,"[296, 108, 417, 226]"
!!!!!,13_19,109,0,"[223, 137, 390, 311]"
!!!!!,13_20,109,0,"[235, 85, 387, 214]"
!!!!!,13_21,109,0,"[274, 141, 433, 269]"
!!!!!,13_22,109,0,"[294, 71, 479, 287]"
!!!!!,13_23,109,0,"[288, 86, 502, 264]"
!!!!!,13_24,103,0,"[239, 103, 497, 254]"
!!!!!,13_25,103,0,"[103, 90, 372, 258]"
!!!!!,13_26,109,0,"[194, 146, 424, 262]"
!!!!!,13_27,109,0,"[217, 153, 438, 306]"
!!!!!,13_28,109,0,"[194, 151, 474, 277]"
!!!!!,13_29,109,0,"[233, 106, 476, 235]"
!!!!!,13_30,103,0,"[238, 122, 473, 247]"
,14_01,103,0,"[216, 30, 352, 273]"
,14_02,109,0,"[186, 38, 263, 239]"
,14_03,103,3,"[220, 64, 296, 238]"
,14_04,109,0,"[227, 75, 299, 243]"
,14_05,109,0,"[243, 52, 330, 274]"
,14_06,103,17,"[209, 52, 284, 240]"
,14_07,109,0,"[188, 39, 253, 253]"
,14_08,109,0,"[206, 70, 274, 217]"
,14_09,109,0,"[224, 59, 299, 247]"
,14_10,109,0,"[191, 72, 287, 228]"
,14_11,103,31,"[189, 23, 258, 218]"
,14_12,109,0,"[235, 51, 304, 235]"
,14_13,109,24,"[199, 45, 288, 241]"
,14_14,109,0,"[197, 32, 273, 228]"
,14_15,109,0,"[191, 69, 258, 249]"
,14_16,103,0,"[219, 100, 324, 271]"
,14_17,109,0,"[218, 72, 271, 243]"
,14_18,109,0,"[193, 67, 272, 261]"
,14_19,109,2,"[132, 84, 282, 285]"
,14_20,109,37,"[198, 105, 281, 233]"
,14_21,109,31,"[217, 83, 314, 234]"
,14_22,109,0,"[212, 70, 302, 253]"
,14_23,109,12,"[198, 70, 280, 251]"
,14_24,109,28,"[223, 72, 330, 232]"
,14_25,109,4,"[186, 78, 252, 232]"
,14_26,103,12,"[196, 44, 260, 227]"
,14_27,109,0,"[237, 22, 324, 251]"
,14_28,103,0,"[241, 63, 306, 240]"
,14_29,109,38,"[278, 123, 398, 232]"
,14_30,109,1,"[225, 58, 309, 232]"
,14_31,109,0,"[199, 15, 287, 259]"
,14_32,109,0,"[197, 20, 294, 298]"
,14_33,109,27,"[216, 190, 350, 280]"
,14_34,109,0,"[187, 14, 288, 289]"
,14_35,109,0,"[196, 69, 281, 278]"
,14_36,109,0,"[208, 77, 280, 257]"
,14_37,109,0,"[172, 81, 297, 257]"
,14_38,109,0,"[174, 85, 302, 282]"
,14_39,109,0,"[165, 76, 277, 237]"
,14_40,109,0,"[196, 47, 287, 262]"
,14_41,109,0,"[173, 86, 245, 234]"
,14_42,109,0,"[188, 84, 276, 234]"
,14_43,109,0,"[198, 49, 275, 263]"
,14_44,109,0,"[207, 84, 287, 233]"
,14_45,103,0,"[228, 91, 310, 250]"
,14_46,109,0,"[224, 42, 317, 240]"
,14_47,109,0,"[186, 93, 298, 238]"
,14_48,109,0,"[227, 84, 302, 243]"
,14_49,109,0,"[219, 41, 302, 228]"
,14_50,109,0,"[230, 49, 303, 235]"
,14_51,109,0,"[203, 72, 279, 248]"
,14_52,103,7,"[199, 67, 280, 249]"
,14_53,109,0,"[215, 62, 293, 248]"
,14_54,103,0,"[207, 50, 276, 264]"
,14_55,103,0,"[230, 79, 298, 247]"
,14_56,109,0,"[247, 70, 332, 239]"
,14_57,109,0,"[119, 76, 223, 229]"
,14_58,109,4,"[199, 113, 326, 256]"
,14_59,103,0,"[208, 71, 273, 250]"
,14_60,109,0,"[186, 90, 264, 246]"
,14_61,109,0,"[212, 85, 290, 240]"
,14_62,109,22,"[214, 52, 288, 249]"
,14_63,103,0,"[193, 45, 262, 260]"
,14_64,103,5,"[187, 55, 267, 234]"
,14_65,103,0,"[197, 39, 277, 255]"
,14_66,109,0,"[221, 87, 294, 251]"
,14_67,109,0,"[216, 52, 288, 248]"
,14_68,103,0,"[210, 81, 280, 250]"
,14_69,109,0,"[148, 95, 215, 236]"
,14_70,103,0,"[202, 66, 268, 257]"
,14_71,109,0,"[227, 59, 287, 244]"
,14_72,109,5,"[214, 68, 280, 225]"
,14_73,109,0,"[144, 102, 233, 248]"
,14_74,103,0,"[217, 55, 294, 231]"
,14_75,103,0,"[228, 82, 294, 234]"
,14_76,109,0,"[210, 78, 284, 242]"
,14_77,109,0,"[235, 88, 308, 251]"
,14_78,109,0,"[238, 79, 306, 233]"
,14_79,109,0,"[211, 53, 274, 253]"
,14_80,109,0,"[177, 82, 238, 241]"
,14_81,109,0,"[208, 58, 272, 246]"
,14_82,109,0,"[216, 87, 273, 243]"
,14_83,109,0,"[213, 91, 262, 241]"
,14_84,103,2,"[235, 92, 291, 232]"
,14_85,103,0,"[209, 80, 272, 255]"
,14_86,103,0,"[210, 46, 274, 226]"
,14_87,109,3,"[214, 84, 281, 247]"
,17_01,109,0,"[259, 125, 343, 289]"
,17_02,109,0,"[268, 131, 349, 303]"
,17_03,109,0,"[275, 110, 351, 308]"
,17_04,103,6,"[298, 112, 360, 300]"
,17_05,109,0,"[231, 51, 315, 257]"
,17_06,109,0,"[289, 112, 367, 302]"
,17_07,109,2,"[291, 129, 359, 300]"
,17_08,109,0,"[273, 6, 346, 238]"
,17_09,109,0,"[256, 23, 334, 244]"
,17_10,103,0,"[291, 106, 373, 305]"
,17_11,109,20,"[255, 158, 349, 358]"
,17_12,103,18,"[275, 41, 347, 289]"
,17_13,109,7,"[282, 114, 369, 293]"
,17_14,103,0,"[289, 89, 369, 285]"
,17_15,109,0,"[290, 80, 361, 275]"
,17_16,109,0,"[252, 43, 335, 277]"
,17_17,109,0,"[285, 102, 369, 286]"
,17_18,109,0,"[267, 59, 359, 275]"
,17_19,109,31,"[254, 178, 372, 340]"
,17_20,109,0,"[275, 88, 363, 269]"
,17_21,103,0,"[274, 68, 376, 272]"
,17_22,109,4,"[274, 83, 377, 297]"
,17_23,109,0,"[287, 92, 372, 291]"
,17_24,109,0,"[283, 98, 356, 288]"
,17_25,109,2,"[270, 89, 354, 311]"
,17_26,109,0,"[252, 53, 335, 288]"
,17_27,109,0,"[243, 50, 337, 302]"
,17_28,109,16,"[284, 49, 360, 273]"
,17_29,109,0,"[280, 95, 351, 297]"
,17_30,109,0,"[260, 27, 330, 269]"
,17_31,109,0,"[289, 71, 367, 314]"
,17_32,109,0,"[239, 152, 339, 298]"
,17_33,103,6,"[298, 57, 379, 303]"
,17_34,109,0,"[227, 29, 309, 262]"
,17_35,103,0,"[269, 90, 346, 307]"
,17_36,109,0,"[250, 27, 324, 263]"
,17_37,109,0,"[244, 16, 321, 254]"
,17_38,109,0,"[247, 90, 332, 289]"
,17_39,109,0,"[252, 56, 336, 301]"
,17_40,109,0,"[257, 22, 341, 296]"
,17_41,109,0,"[243, 8, 323, 258]"
,17_42,103,0,"[243, 25, 328, 267]"
,17_43,103,0,"[263, 78, 360, 283]"
,17_44,109,0,"[264, 39, 339, 275]"
,17_45,109,19,"[266, 49, 357, 277]"
,17_46,109,0,"[271, 48, 348, 287]"
,17_47,109,0,"[286, 65, 350, 287]"
,17_48,109,11,"[254, 51, 337, 284]"
,17_49,103,0,"[237, 49, 306, 287]"
,17_50,109,14,"[273, 58, 356, 307]"
,17_51,109,0,"[252, 87, 330, 309]"
,17_52,109,0,"[235, 80, 325, 298]"
,17_53,109,0,"[267, 56, 345, 305]"
,17_54,109,0,"[251, 60, 331, 295]"
,17_55,109,0,"[250, 49, 329, 286]"
,17_56,109,0,"[282, 87, 365, 309]"
,17_57,109,0,"[275, 58, 368, 307]"
,17_58,109,0,"[223, 106, 358, 261]"
,17_59,109,0,"[252, 43, 346, 298]"
,17_60,109,0,"[248, 78, 327, 306]"
,17_61,109,0,"[252, 42, 337, 279]"
,17_62,109,0,"[224, 17, 329, 289]"
,17_63,109,0,"[303, 83, 378, 284]"
,17_64,109,0,"[270, 73, 354, 327]"
,17_65,109,0,"[270, 106, 348, 323]"
,17_66,109,0,"[278, 85, 357, 330]"
,17_67,109,0,"[241, 30, 332, 268]"
,17_68,103,0,"[263, 59, 335, 275]"
,17_69,103,0,"[312, 94, 388, 315]"
,17_70,103,0,"[233, 22, 316, 265]"
,17_71,109,0,"[222, 39, 304, 277]"
,17_73,109,0,"[320, 112, 390, 293]"
,17_74,103,0,"[226, 73, 345, 237]"
,17_75,109,0,"[237, 83, 309, 255]"
,17_76,109,0,"[220, 70, 332, 253]"
,17_77,103,0,"[242, 68, 368, 258]"
,17_78,109,0,"[212, 82, 370, 266]"
,17_79,109,0,"[230, 62, 354, 265]"
,17_80,109,11,"[188, 80, 291, 257]"
,17_81,109,0,"[179, 55, 264, 243]"
,17_82,109,37,"[284, 99, 361, 280]"
,17_83,103,0,"[189, 65, 271, 240]"
,17_84,109,9,"[275, 88, 367, 278]"
,17_85,103,0,"[196, 71, 285, 268]"
,17_86,109,28,"[292, 96, 372, 288]"
,17_87,103,9,"[288, 103, 364, 303]"
,17_88,109,0,"[283, 111, 359, 289]"
,17_89,109,0,"[220, 103, 355, 278]"
,17_90,109,31,"[291, 88, 365, 288]"
,17_91,109,0,"[210, 83, 301, 269]"
,17_92,109,0,"[204, 81, 293, 256]"
,17_93,103,29,"[267, 100, 358, 288]"
,17_94,109,10,"[279, 77, 361, 297]"
,17_95,109,0,"[200, 75, 290, 257]"
,17_96,109,0,"[270, 75, 358, 266]"
,17_97,103,0,"[187, 88, 310, 269]"
,17_98,109,0,"[220, 75, 326, 237]"
,17_99,109,0,"[205, 89, 292, 266]"
,17_100,109,11,"[251, 73, 333, 251]"
,17_101,109,0,"[190, 80, 287, 274]"
,17_102,109,20,"[170, 74, 299, 246]"
,17_103,109,2,"[321, 58, 386, 267]"
,17_104,103,0,"[178, 93, 304, 268]"
,17_105,109,60,"[273, 141, 364, 345]"
,17_106,109,0,"[200, 81, 293, 260]"
,17_107,109,0,"[229, 73, 319, 263]"
,17_108,109,0,"[195, 75, 279, 258]"
,17_109,103,0,"[280, 93, 369, 290]"
,17_110,103,0,"[208, 110, 354, 281]"
,17_111,109,37,"[270, 62, 361, 286]"
,17_112,109,7,"[293, 90, 364, 278]"
,17_113,109,0,"[200, 74, 304, 271]"
,17_114,109,0,"[215, 49, 310, 248]"
,17_115,103,0,"[192, 80, 295, 247]"
,17_116,109,0,"[209, 87, 317, 259]"
,17_117,103,15,"[290, 88, 366, 285]"
,17_118,109,0,"[210, 86, 313, 278]"
,17_119,109,24,"[287, 104, 360, 290]"
,17_120,109,8,"[306, 91, 385, 288]"
,17_121,109,0,"[193, 101, 291, 288]"
,17_122,109,44,"[258, 49, 355, 301]"
,17_123,103,0,"[276, 82, 352, 276]"
,17_124,103,0,"[232, 72, 308, 267]"
,17_125,109,0,"[236, 59, 349, 238]"
,17_126,103,0,"[272, 91, 359, 281]"
,17_127,103,21,"[312, 106, 376, 281]"
,17_128,109,24,"[295, 92, 374, 290]"
,17_129,109,0,"[226, 98, 320, 280]"
,17_130,109,0,"[202, 67, 306, 238]"
,17_131,103,0,"[195, 77, 292, 269]"
,17_132,103,0,"[294, 101, 375, 288]"
,17_133,109,0,"[232, 80, 308, 265]"
,17_134,103,14,"[281, 101, 351, 294]"
,17_135,109,42,"[271, 87, 345, 278]"
,17_136,109,0,"[293, 97, 357, 261]"
,17_137,109,0,"[152, 74, 241, 249]"
,17_138,109,0,"[198, 95, 345, 275]"
,17_139,109,0,"[221, 71, 316, 274]"
,17_140,109,0,"[210, 74, 310, 275]"
,17_141,109,50,"[278, 83, 359, 302]"
,17_142,103,0,"[207, 67, 299, 263]"
,17_143,109,0,"[187, 95, 303, 274]"
,17_144,109,0,"[206, 92, 311, 268]"
,17_145,109,0,"[176, 119, 324, 280]"
,17_146,109,0,"[219, 104, 305, 266]"
,17_147,109,0,"[199, 70, 285, 254]"
,17_148,109,0,"[193, 87, 305, 250]"
,17_150,103,0,"[230, 63, 317, 242]"
,17_151,109,14,"[268, 95, 334, 285]"
,17_152,103,0,"[239, 69, 308, 264]"
,17_153,103,0,"[189, 64, 280, 262]"
,17_154,109,0,"[205, 73, 278, 246]"
,17_155,109,0,"[204, 100, 299, 271]"
,17_156,109,0,"[184, 104, 282, 264]"
,17_157,109,0,"[236, 108, 331, 267]"
,17_158,109,0,"[197, 100, 336, 244]"
,17_159,109,0,"[172, 94, 299, 268]"
,17_160,109,0,"[195, 77, 320, 265]"
,17_161,109,56,"[271, 157, 392, 309]"
,17_162,109,0,"[201, 84, 338, 266]"
,17_163,109,0,"[243, 68, 339, 264]"
,17_164,109,0,"[222, 18, 301, 267]"
,17_165,109,15,"[306, 90, 371, 263]"
,17_166,103,0,"[290, 96, 369, 284]"
,17_167,103,0,"[178, 87, 272, 274]"
,17_168,109,0,"[214, 73, 304, 253]"
,17_169,103,0,"[225, 113, 395, 261]"
,17_170,103,0,"[214, 39, 312, 261]"
,17_171,109,8,"[194, 85, 301, 262]"
,18_01,109,0,"[252, 35, 326, 265]"
,18_02,109,0,"[266, 110, 367, 315]"
,18_03,109,0,"[285, 82, 350, 284]"
,18_04,109,0,"[294, 92, 361, 299]"
,18_05,109,0,"[302, 86, 366, 289]"
,18_06,109,0,"[284, 99, 351, 300]"
,18_07,109,0,"[287, 75, 359, 277]"
,18_08,103,0,"[245, 62, 340, 314]"
,18_09,103,0,"[243, 44, 320, 296]"
,18_10,109,17,"[275, 76, 364, 322]"
,18_11,103,6,"[279, 109, 360, 309]"
,18_12,103,9,"[284, 72, 374, 294]"
,18_13,109,0,"[274, 86, 370, 312]"
,18_14,109,0,"[236, 71, 322, 327]"
,18_15,109,0,"[233, 43, 335, 306]"
,18_16,109,0,"[228, 18, 313, 277]"
,18_17,103,0,"[233, 54, 319, 288]"
,18_18,109,0,"[232, 67, 314, 322]"
,18_19,109,0,"[240, 9, 323, 288]"
,18_20,103,0,"[258, 28, 357, 306]"
,18_21,109,0,"[285, 84, 371, 298]"
,18_22,109,0,"[262, 78, 347, 327]"
,18_23,103,18,"[261, 45, 366, 258]"
,18_24,109,0,"[284, 42, 363, 285]"
,18_25,109,0,"[275, 21, 358, 277]"
,18_26,109,0,"[256, 47, 336, 299]"
,18_27,103,0,"[246, 43, 329, 299]"
,18_28,109,0,"[252, 26, 335, 293]"
,18_29,109,0,"[243, 43, 327, 311]"
,18_30,109,0,"[259, 65, 331, 314]"
,18_31,109,0,"[248, 78, 334, 327]"
,18_32,109,0,"[290, 91, 364, 282]"
,18_33,109,0,"[279, 56, 363, 310]"
,18_34,109,0,"[254, 109, 345, 342]"
,18_35,103,0,"[232, 5, 329, 273]"
,18_36,103,0,"[242, 31, 321, 278]"
,18_37,109,0,"[269, 89, 372, 340]"
,18_38,109,0,"[282, 77, 361, 280]"
,18_39,109,0,"[238, 30, 324, 297]"
,18_40,103,0,"[244, 24, 323, 292]"
,18_41,109,0,"[315, 63, 384, 275]"
,18_42,109,0,"[261, 39, 331, 283]"
,18_43,109,0,"[284, 58, 368, 285]"
,18_44,109,0,"[300, 94, 375, 288]"
,18_45,109,0,"[237, 74, 343, 318]"
,18_46,109,13,"[279, 80, 361, 304]"
,18_47,109,0,"[245, 133, 342, 327]"
,18_48,109,0,"[262, 74, 354, 313]"
,18_49,109,0,"[279, 79, 346, 279]"
,18_50,109,0,"[261, 83, 337, 321]"
,18_51,109,0,"[296, 90, 367, 304]"
,18_52,109,0,"[273, 91, 340, 277]"
,18_53,109,0,"[257, 60, 331, 294]"
,18_54,103,0,"[291, 105, 362, 294]"
,18_55,109,0,"[270, 68, 357, 325]"
,18_56,109,0,"[269, 42, 336, 288]"
,18_57,109,2,"[279, 89, 342, 279]"
,18_58,109,0,"[273, 60, 361, 318]"
,18_59,109,0,"[251, 143, 367, 313]"
,18_60,109,0,"[267, 84, 350, 324]"
,18_61,109,0,"[283, 73, 359, 273]"
,18_62,109,0,"[254, 103, 349, 331]"
,18_63,109,0,"[240, 54, 323, 317]"
,18_64,109,0,"[241, 42, 325, 314]"
,18_65,103,0,"[250, 21, 340, 280]"
,18_66,103,0,"[268, 49, 346, 298]"
,18_67,109,0,"[282, 122, 389, 345]"
,18_68,103,0,"[254, 76, 344, 322]"
,18_69,103,0,"[240, 46, 323, 304]"
,18_70,109,0,"[258, 38, 348, 303]"
,18_71,103,0,"[237, 50, 332, 297]"
,18_72,109,0,"[225, 14, 333, 284]"
,22_01,103,0,"[249, 97, 396, 320]"
,22_02,103,0,"[195, 78, 303, 316]"
,22_03,109,0,"[234, 60, 306, 315]"
,22_04,109,0,"[202, 20, 331, 306]"
,22_05,109,0,"[196, 38, 317, 320]"
,22_06,109,0,"[199, 59, 335, 334]"
,22_07,109,0,"[265, 9, 361, 289]"
,22_08,109,0,"[216, 7, 294, 303]"
,22_09,103,0,"[235, 13, 317, 315]"
,22_10,109,2,"[207, 65, 303, 337]"
,22_11,109,0,"[251, 4, 364, 305]"
,22_12,103,0,"[223, 72, 295, 330]"
,22_13,109,0,"[202, 5, 276, 320]"
,22_14,103,0,"[207, 121, 328, 332]"
,22_15,103,0,"[271, 33, 389, 272]"
,22_16,103,0,"[248, 79, 393, 302]"
,22_17,109,0,"[247, 52, 370, 265]"
,22_18,109,0,"[233, 91, 380, 308]"
,22_19,109,0,"[266, 68, 368, 304]"
,22_20,103,0,"[196, 9, 297, 306]"
,22_21,109,0,"[222, 9, 307, 320]"
,22_22,109,0,"[248, 58, 372, 296]"
,22_23,103,0,"[200, 88, 280, 341]"
,22_24,109,0,"[218, 74, 306, 328]"
,22_25,109,0,"[211, 20, 296, 331]"
,22_26,103,0,"[207, 35, 306, 307]"
,22_27,103,0,"[211, 39, 290, 304]"
,22_28,109,0,"[222, 9, 316, 307]"
,22_29,109,0,"[256, 76, 418, 295]"
,22_30,109,0,"[215, 63, 328, 340]"
,22_31,103,0,"[252, 13, 370, 293]"
,22_32,109,0,"[238, 62, 407, 302]"
,22_33,109,0,"[267, 64, 389, 301]"
,22_34,109,0,"[201, 61, 292, 335]"
,22_35,109,0,"[211, 50, 301, 305]"
,22_36,109,0,"[266, 58, 418, 313]"
,22_37,109,0,"[282, 72, 385, 308]"
,22_38,109,0,"[230, 111, 333, 316]"
,22_39,109,0,"[226, 62, 325, 340]"
,22_40,103,0,"[254, 12, 375, 292]"
,22_41,103,0,"[207, 30, 327, 292]"
,22_42,109,0,"[257, 100, 388, 317]"
,22_43,109,0,"[231, 12, 339, 325]"
,22_44,109,0,"[248, 79, 345, 332]"
,22_45,109,0,"[279, 78, 417, 316]"
,22_46,109,0,"[207, 50, 306, 328]"
,22_47,109,0,"[264, 71, 376, 305]"
,22_48,103,0,"[221, 24, 317, 320]"
,26_01,109,0,"[278, 129, 363, 336]"
,26_02,109,0,"[273, 118, 355, 337]"
,26_03,103,8,"[274, 155, 357, 350]"
,26_04,103,14,"[270, 120, 332, 344]"
,26_05,109,0,"[274, 134, 347, 341]"
,26_06,109,0,"[274, 143, 342, 332]"
,26_07,109,0,"[263, 203, 344, 338]"
,26_08,109,0,"[278, 142, 351, 342]"
,26_09,109,0,"[278, 105, 342, 317]"
,26_10,109,0,"[278, 49, 358, 314]"
,26_11,109,0,"[273, 92, 352, 343]"
,26_12,103,0,"[283, 121, 360, 325]"
,26_13,109,0,"[289, 158, 390, 339]"
,26_14,109,0,"[261, 193, 362, 342]"
,26_15,109,0,"[265, 161, 380, 326]"
,26_16,109,0,"[256, 121, 335, 335]"
,26_17,109,0,"[308, 91, 378, 271]"
,26_18,109,0,"[307, 125, 421, 307]"
,26_19,109,0,"[270, 137, 345, 325]"
,26_20,109,0,"[309, 185, 397, 347]"
,26_21,109,0,"[261, 188, 354, 347]"
,26_22,109,0,"[261, 117, 367, 298]"
,26_23,109,0,"[276, 19, 351, 259]"
,26_24,103,0,"[273, 140, 363, 329]"
,26_25,109,0,"[266, 63, 339, 313]"
,26_26,109,0,"[270, 125, 361, 333]"
,26_27,103,0,"[255, 142, 335, 334]"
,26_28,103,0,"[297, 104, 375, 314]"
,26_29,109,0,"[268, 118, 355, 329]"
,26_30,109,0,"[264, 106, 347, 332]"
,26_31,109,0,"[277, 168, 368, 331]"
,26_32,109,0,"[287, 101, 358, 323]"
,26_33,103,0,"[270, 135, 353, 345]"
,26_34,103,0,"[280, 66, 357, 335]"
,26_35,109,0,"[287, 85, 362, 326]"
,26_36,109,0,"[298, 86, 362, 303]"
,26_37,109,0,"[247, 162, 369, 333]"
,26_38,109,0,"[284, 122, 364, 330]"
,26_39,109,0,"[250, 172, 359, 345]"
,26_40,109,0,"[220, 182, 337, 351]"
,26_41,109,0,"[260, 189, 346, 326]"
,26_42,109,0,"[283, 134, 385, 298]"
,26_43,109,0,"[289, 114, 369, 293]"
,26_44,103,0,"[308, 102, 373, 281]"
,26_45,103,0,"[285, 103, 364, 314]"
,26_46,109,0,"[249, 159, 348, 341]"
,26_47,103,0,"[287, 91, 360, 303]"
,26_48,109,0,"[279, 118, 365, 325]"
,26_49,103,0,"[300, 51, 376, 267]"
,26_50,109,0,"[259, 131, 308, 306]"
,26_51,103,20,"[278, 78, 351, 317]"
,26_52,109,0,"[288, 101, 355, 298]"
,26_53,103,0,"[294, 117, 369, 310]"
,26_54,109,0,"[280, 92, 355, 296]"
,26_55,109,0,"[264, 134, 337, 338]"
,26_56,103,0,"[297, 85, 372, 296]"
,26_57,109,0,"[274, 134, 384, 289]"
,26_58,109,0,"[291, 156, 372, 313]"
,26_59,109,0,"[277, 128, 360, 327]"
,26_60,109,0,"[270, 121, 335, 308]"
,26_61,109,0,"[295, 85, 411, 294]"
,26_62,109,0,"[308, 136, 423, 309]"
,26_63,103,0,"[360, 118, 477, 309]"
,26_64,109,0,"[277, 66, 357, 318]"
,26_65,103,18,"[219, 101, 374, 315]"
,26_66,109,0,"[281, 41, 373, 312]"
,26_67,109,0,"[274, 87, 354, 316]"
,26_68,109,24,"[216, 79, 390, 300]"
,26_69,109,0,"[267, 43, 346, 313]"
,26_70,103,0,"[269, 111, 404, 313]"
,26_71,109,0,"[285, 43, 364, 313]"
,26_72,109,0,"[274, 60, 354, 318]"
,26_73,109,0,"[289, 123, 358, 319]"
,26_74,109,0,"[262, 58, 335, 309]"
,26_75,103,0,"[278, 62, 347, 308]"
,26_76,109,0,"[274, 51, 346, 308]"
,26_77,103,0,"[274, 52, 347, 311]"
,26_78,109,0,"[285, 56, 356, 309]"
,26_79,109,34,"[178, 124, 372, 274]"
,26_80,109,0,"[337, 60, 464, 297]"
,26_81,103,0,"[277, 49, 363, 308]"
,26_82,109,9,"[243, 118, 335, 317]"
,26_83,103,0,"[276, 102, 343, 324]"
,26_84,103,0,"[292, 80, 354, 315]"
,26_85,109,0,"[258, 118, 347, 318]"
,26_86,109,27,"[237, 182, 358, 318]"
,26_87,109,0,"[261, 93, 337, 324]"
,26_88,109,28,"[286, 96, 360, 320]"
,26_89,109,0,"[264, 81, 347, 319]"
,26_90,109,0,"[268, 86, 340, 318]"
,26_91,103,0,"[292, 99, 365, 321]"
,26_93,103,0,"[293, 109, 370, 322]"
,26_94,103,0,"[273, 80, 345, 313]"
,26_95,109,25,"[274, 43, 345, 321]"
,26_96,109,0,"[279, 109, 360, 315]"
,26_97,103,0,"[262, 103, 340, 320]"
,26_98,109,0,"[263, 111, 365, 312]"
,26_99,109,0,"[258, 95, 329, 313]"
,26_100,109,28,"[237, 101, 358, 294]"
,26_101,103,18,"[271, 35, 337, 324]"
,26_102,109,0,"[275, 31, 337, 316]"
,26_103,103,0,"[277, 116, 370, 318]"
,26_104,109,23,"[236, 74, 339, 307]"
,26_105,109,0,"[266, 109, 348, 323]"
,26_106,109,0,"[277, 96, 345, 322]"
,26_107,103,23,"[215, 100, 390, 266]"
,26_108,109,52,"[172, 157, 318, 349]"
,26_109,109,0,"[241, 103, 350, 319]"
,26_110,109,0,"[268, 92, 355, 309]"
,26_111,109,24,"[218, 67, 395, 190]"
,26_112,109,24,"[235, 152, 326, 305]"
,26_113,109,22,"[265, 144, 352, 311]"
,26_114,109,33,"[274, 173, 375, 308]"
,26_115,109,48,"[229, 199, 336, 326]"
,26_116,109,23,"[308, 108, 395, 300]"
,26_117,103,0,"[275, 83, 341, 308]"
,26_118,109,0,"[268, 111, 335, 310]"
,26_119,109,7,"[289, 96, 360, 315]"
,26_120,109,17,"[306, 23, 411, 275]"
,26_121,109,0,"[254, 66, 332, 308]"
,26_122,103,26,"[175, 74, 365, 293]"
,26_123,109,17,"[265, 96, 345, 313]"
,26_124,109,0,"[279, 105, 343, 316]"
,26_125,103,0,"[285, 111, 346, 314]"
